# runtime=.NET 10.0.12; os=Garuda Linux; arch=X64; serverGC=False; runs=12; warmups=3; batch=65536; rust=True
storage,files,workload,candidate,run,wall_ms,allocated_bytes,gen0,gen1,gen2
tmpfs,10000,scan,current-posix,1,12.545,5982032,0,0,0
tmpfs,10000,scan,optimized-csharp,1,11.488,3248056,0,0,0
tmpfs,10000,scan,rust-batch,1,9.926,3313616,0,0,0
tmpfs,10000,scan,optimized-csharp,2,11.147,3248056,0,0,0
tmpfs,10000,scan,rust-batch,2,9.995,3313616,0,0,0
tmpfs,10000,scan,current-posix,2,11.977,5982656,0,0,0
tmpfs,10000,scan,rust-batch,3,10.280,3313616,0,0,0
tmpfs,10000,scan,current-posix,3,11.751,5982656,0,0,0
tmpfs,10000,scan,optimized-csharp,3,11.347,3248056,0,0,0
tmpfs,10000,scan,current-posix,4,11.930,5982656,0,0,0
tmpfs,10000,scan,optimized-csharp,4,11.683,3248056,0,0,0
tmpfs,10000,scan,rust-batch,4,9.877,3313616,0,0,0
tmpfs,10000,scan,optimized-csharp,5,13.537,3248056,0,0,0
tmpfs,10000,scan,rust-batch,5,11.613,3313616,0,0,0
tmpfs,10000,scan,current-posix,5,14.164,5982656,0,0,0
tmpfs,10000,scan,rust-batch,6,11.646,3313616,0,0,0
tmpfs,10000,scan,current-posix,6,13.105,5982656,0,0,0
tmpfs,10000,scan,optimized-csharp,6,14.936,3248056,0,0,0
tmpfs,10000,scan,current-posix,7,13.029,5982656,0,0,0
tmpfs,10000,scan,optimized-csharp,7,13.962,3248056,0,0,0
tmpfs,10000,scan,rust-batch,7,11.366,3313616,0,0,0
tmpfs,10000,scan,optimized-csharp,8,13.716,3248056,0,0,0
tmpfs,10000,scan,rust-batch,8,11.223,3313616,0,0,0
tmpfs,10000,scan,current-posix,8,14.246,5982656,0,0,0
tmpfs,10000,scan,rust-batch,9,11.470,3313616,0,0,0
tmpfs,10000,scan,current-posix,9,12.823,5982656,0,0,0
tmpfs,10000,scan,optimized-csharp,9,13.788,3248056,0,0,0
tmpfs,10000,scan,current-posix,10,12.925,5982656,0,0,0
tmpfs,10000,scan,optimized-csharp,10,13.546,3248056,0,0,0
tmpfs,10000,scan,rust-batch,10,10.863,3313616,0,0,0
tmpfs,10000,scan,optimized-csharp,11,14.123,3248056,0,0,0
tmpfs,10000,scan,rust-batch,11,11.435,3313616,0,0,0
tmpfs,10000,scan,current-posix,11,14.769,5982656,0,0,0
tmpfs,10000,scan,rust-batch,12,12.265,3313616,0,0,0
tmpfs,10000,scan,current-posix,12,15.102,5988848,0,0,0
tmpfs,10000,scan,optimized-csharp,12,12.349,3248056,0,0,0
tmpfs,10000,scan,current-posix,median,12.977,5982656,0.0,0.0,0.0
tmpfs,10000,scan,optimized-csharp,median,13.541,3248056,0.0,0.0,0.0
tmpfs,10000,scan,rust-batch,median,11.294,3313616,0.0,0.0,0.0
tmpfs,10000,scan-materialize-sort-proxy,current-posix,1,15.434,8885112,0,0,0
tmpfs,10000,scan-materialize-sort-proxy,optimized-csharp,1,15.148,6150512,0,0,0
tmpfs,10000,scan-materialize-sort-proxy,rust-batch,1,13.580,6216072,0,0,0
tmpfs,10000,scan-materialize-sort-proxy,optimized-csharp,2,15.787,6150512,0,0,0
tmpfs,10000,scan-materialize-sort-proxy,rust-batch,2,17.438,6216072,0,0,0
tmpfs,10000,scan-materialize-sort-proxy,current-posix,2,13.641,8885112,0,0,0
tmpfs,10000,scan-materialize-sort-proxy,rust-batch,3,13.159,6216072,0,0,0
tmpfs,10000,scan-materialize-sort-proxy,current-posix,3,13.528,8885112,0,0,0
tmpfs,10000,scan-materialize-sort-proxy,optimized-csharp,3,12.454,6150512,0,0,0
tmpfs,10000,scan-materialize-sort-proxy,current-posix,4,13.218,8885112,0,0,0
tmpfs,10000,scan-materialize-sort-proxy,optimized-csharp,4,12.558,6150512,0,0,0
tmpfs,10000,scan-materialize-sort-proxy,rust-batch,4,12.524,6216072,0,0,0
tmpfs,10000,scan-materialize-sort-proxy,optimized-csharp,5,12.861,6150512,0,0,0
tmpfs,10000,scan-materialize-sort-proxy,rust-batch,5,12.410,6216072,0,0,0
tmpfs,10000,scan-materialize-sort-proxy,current-posix,5,13.417,8885112,0,0,0
tmpfs,10000,scan-materialize-sort-proxy,rust-batch,6,12.634,6216072,0,0,0
tmpfs,10000,scan-materialize-sort-proxy,current-posix,6,13.882,8885112,0,0,0
tmpfs,10000,scan-materialize-sort-proxy,optimized-csharp,6,12.919,6150512,0,0,0
tmpfs,10000,scan-materialize-sort-proxy,current-posix,7,13.791,8885112,0,0,0
tmpfs,10000,scan-materialize-sort-proxy,optimized-csharp,7,13.034,6150512,0,0,0
tmpfs,10000,scan-materialize-sort-proxy,rust-batch,7,12.294,6216072,0,0,0
tmpfs,10000,scan-materialize-sort-proxy,optimized-csharp,8,12.374,6150512,0,0,0
tmpfs,10000,scan-materialize-sort-proxy,rust-batch,8,12.142,6216072,0,0,0
tmpfs,10000,scan-materialize-sort-proxy,current-posix,8,13.494,8885112,0,0,0
tmpfs,10000,scan-materialize-sort-proxy,rust-batch,9,12.056,6216072,0,0,0
tmpfs,10000,scan-materialize-sort-proxy,current-posix,9,14.244,8885112,0,0,0
tmpfs,10000,scan-materialize-sort-proxy,optimized-csharp,9,12.411,6150512,0,0,0
tmpfs,10000,scan-materialize-sort-proxy,current-posix,10,13.192,8885112,0,0,0
tmpfs,10000,scan-materialize-sort-proxy,optimized-csharp,10,12.444,6150512,0,0,0
tmpfs,10000,scan-materialize-sort-proxy,rust-batch,10,12.126,6216072,0,0,0
tmpfs,10000,scan-materialize-sort-proxy,optimized-csharp,11,12.465,6150512,0,0,0
tmpfs,10000,scan-materialize-sort-proxy,rust-batch,11,12.110,6216072,0,0,0
tmpfs,10000,scan-materialize-sort-proxy,current-posix,11,16.094,8885112,0,0,0
tmpfs,10000,scan-materialize-sort-proxy,rust-batch,12,12.372,6216072,0,0,0
tmpfs,10000,scan-materialize-sort-proxy,current-posix,12,13.588,8885112,0,0,0
tmpfs,10000,scan-materialize-sort-proxy,optimized-csharp,12,12.387,6150512,0,0,0
tmpfs,10000,scan-materialize-sort-proxy,current-posix,median,13.615,8885112,0.0,0.0,0.0
tmpfs,10000,scan-materialize-sort-proxy,optimized-csharp,median,12.511,6150512,0.0,0.0,0.0
tmpfs,10000,scan-materialize-sort-proxy,rust-batch,median,12.391,6216072,0.0,0.0,0.0
tmpfs,10000,production-enumerator-controls,current-dotnet-service,1,18.607,4509352,0,0,0
tmpfs,10000,production-enumerator-controls,current-dotnet-service-with-mode,1,29.615,4509352,0,0,0
tmpfs,10000,production-enumerator-controls,current-dotnet-service-with-mode,2,28.980,4509352,0,0,0
tmpfs,10000,production-enumerator-controls,current-dotnet-service,2,17.104,4509352,0,0,0
tmpfs,10000,production-enumerator-controls,current-dotnet-service,3,16.698,4509352,0,0,0
tmpfs,10000,production-enumerator-controls,current-dotnet-service-with-mode,3,28.207,4509352,0,0,0
tmpfs,10000,production-enumerator-controls,current-dotnet-service-with-mode,4,28.442,4509352,0,0,0
tmpfs,10000,production-enumerator-controls,current-dotnet-service,4,16.931,4509840,0,0,0
tmpfs,10000,production-enumerator-controls,current-dotnet-service,5,16.483,4509352,0,0,0
tmpfs,10000,production-enumerator-controls,current-dotnet-service-with-mode,5,27.733,4509352,0,0,0
tmpfs,10000,production-enumerator-controls,current-dotnet-service-with-mode,6,28.793,4509352,0,0,0
tmpfs,10000,production-enumerator-controls,current-dotnet-service,6,19.601,4509352,0,0,0
tmpfs,10000,production-enumerator-controls,current-dotnet-service,7,17.423,4218472,0,0,0
tmpfs,10000,production-enumerator-controls,current-dotnet-service-with-mode,7,32.028,3549352,0,0,0
tmpfs,10000,production-enumerator-controls,current-dotnet-service-with-mode,8,30.935,3549352,0,0,0
tmpfs,10000,production-enumerator-controls,current-dotnet-service,8,13.575,3549352,0,0,0
tmpfs,10000,production-enumerator-controls,current-dotnet-service,9,13.730,3549352,0,0,0
tmpfs,10000,production-enumerator-controls,current-dotnet-service-with-mode,9,38.615,3549352,0,0,0
tmpfs,10000,production-enumerator-controls,current-dotnet-service-with-mode,10,49.570,3549352,0,0,0
tmpfs,10000,production-enumerator-controls,current-dotnet-service,10,15.760,3549352,0,0,0
tmpfs,10000,production-enumerator-controls,current-dotnet-service,11,14.967,3549352,0,0,0
tmpfs,10000,production-enumerator-controls,current-dotnet-service-with-mode,11,31.103,3549352,0,0,0
tmpfs,10000,production-enumerator-controls,current-dotnet-service-with-mode,12,30.444,3549352,0,0,0
tmpfs,10000,production-enumerator-controls,current-dotnet-service,12,14.285,3549352,0,0,0
tmpfs,10000,production-enumerator-controls,current-dotnet-service,median,16.591,4363912,0.0,0.0,0.0
tmpfs,10000,production-enumerator-controls,current-dotnet-service-with-mode,median,30.030,4029352,0.0,0.0,0.0
tmpfs,100000,scan,current-posix,1,130.080,54572808,2,0,0
tmpfs,100000,scan,optimized-csharp,1,116.547,26638208,0,0,0
tmpfs,100000,scan,rust-batch,1,109.679,26703768,0,0,0
tmpfs,100000,scan,optimized-csharp,2,111.365,26638208,0,0,0
tmpfs,100000,scan,rust-batch,2,139.512,26703768,0,0,0
tmpfs,100000,scan,current-posix,2,133.951,54572808,2,0,0
tmpfs,100000,scan,rust-batch,3,110.098,26703768,0,0,0
tmpfs,100000,scan,current-posix,3,129.472,54572808,2,0,0
tmpfs,100000,scan,optimized-csharp,3,112.728,26638208,0,0,0
tmpfs,100000,scan,current-posix,4,136.399,54572808,2,0,0
tmpfs,100000,scan,optimized-csharp,4,111.730,26638208,0,0,0
tmpfs,100000,scan,rust-batch,4,114.515,26703768,0,0,0
tmpfs,100000,scan,optimized-csharp,5,112.153,26638208,0,0,0
tmpfs,100000,scan,rust-batch,5,114.482,26703768,0,0,0
tmpfs,100000,scan,current-posix,5,140.761,54572808,2,0,0
tmpfs,100000,scan,rust-batch,6,112.590,26703768,0,0,0
tmpfs,100000,scan,current-posix,6,138.467,54572808,2,0,0
tmpfs,100000,scan,optimized-csharp,6,114.129,26638208,0,0,0
tmpfs,100000,scan,current-posix,7,130.731,54572808,2,0,0
tmpfs,100000,scan,optimized-csharp,7,113.332,26638208,0,0,0
tmpfs,100000,scan,rust-batch,7,111.300,26703768,0,0,0
tmpfs,100000,scan,optimized-csharp,8,111.736,26638208,0,0,0
tmpfs,100000,scan,rust-batch,8,108.607,26703768,0,0,0
tmpfs,100000,scan,current-posix,8,140.362,54572808,2,0,0
tmpfs,100000,scan,rust-batch,9,120.701,26703768,0,0,0
tmpfs,100000,scan,current-posix,9,200.740,54572808,2,0,0
tmpfs,100000,scan,optimized-csharp,9,117.068,26638208,0,0,0
tmpfs,100000,scan,current-posix,10,134.401,54572808,2,0,0
tmpfs,100000,scan,optimized-csharp,10,113.019,26638208,0,0,0
tmpfs,100000,scan,rust-batch,10,108.855,26703768,0,0,0
tmpfs,100000,scan,optimized-csharp,11,112.613,26638208,0,0,0
tmpfs,100000,scan,rust-batch,11,109.032,26703768,0,0,0
tmpfs,100000,scan,current-posix,11,133.673,54572808,2,0,0
tmpfs,100000,scan,rust-batch,12,110.375,26703768,0,0,0
tmpfs,100000,scan,current-posix,12,134.334,54572808,2,0,0
tmpfs,100000,scan,optimized-csharp,12,111.806,26638208,0,0,0
tmpfs,100000,scan,current-posix,median,134.367,54572808,2.0,0.0,0.0
tmpfs,100000,scan,optimized-csharp,median,112.670,26638208,0.0,0.0,0.0
tmpfs,100000,scan,rust-batch,median,110.837,26703768,0.0,0.0,0.0
tmpfs,100000,scan-materialize-sort-proxy,current-posix,1,150.131,83070344,3,1,0
tmpfs,100000,scan-materialize-sort-proxy,optimized-csharp,1,133.324,55135744,1,0,0
tmpfs,100000,scan-materialize-sort-proxy,rust-batch,1,129.718,55201304,1,0,0
tmpfs,100000,scan-materialize-sort-proxy,optimized-csharp,2,132.157,55135744,1,0,0
tmpfs,100000,scan-materialize-sort-proxy,rust-batch,2,128.286,55201304,1,0,0
tmpfs,100000,scan-materialize-sort-proxy,current-posix,2,148.643,83070344,3,1,0
tmpfs,100000,scan-materialize-sort-proxy,rust-batch,3,127.901,55201304,1,0,0
tmpfs,100000,scan-materialize-sort-proxy,current-posix,3,153.661,83070344,3,1,0
tmpfs,100000,scan-materialize-sort-proxy,optimized-csharp,3,163.327,55135744,1,0,0
tmpfs,100000,scan-materialize-sort-proxy,current-posix,4,147.940,83070344,3,1,0
tmpfs,100000,scan-materialize-sort-proxy,optimized-csharp,4,132.748,55135744,1,0,0
tmpfs,100000,scan-materialize-sort-proxy,rust-batch,4,127.875,55201304,1,0,0
tmpfs,100000,scan-materialize-sort-proxy,optimized-csharp,5,132.427,55135744,1,0,0
tmpfs,100000,scan-materialize-sort-proxy,rust-batch,5,128.617,55201304,1,0,0
tmpfs,100000,scan-materialize-sort-proxy,current-posix,5,147.976,83070344,3,1,0
tmpfs,100000,scan-materialize-sort-proxy,rust-batch,6,128.262,55201304,1,0,0
tmpfs,100000,scan-materialize-sort-proxy,current-posix,6,147.989,83070344,3,1,0
tmpfs,100000,scan-materialize-sort-proxy,optimized-csharp,6,134.238,55135744,1,0,0
tmpfs,100000,scan-materialize-sort-proxy,current-posix,7,147.627,83070344,3,1,0
tmpfs,100000,scan-materialize-sort-proxy,optimized-csharp,7,131.137,55135744,1,0,0
tmpfs,100000,scan-materialize-sort-proxy,rust-batch,7,127.534,55201304,1,0,0
tmpfs,100000,scan-materialize-sort-proxy,optimized-csharp,8,130.351,55135744,1,0,0
tmpfs,100000,scan-materialize-sort-proxy,rust-batch,8,128.081,55201304,1,0,0
tmpfs,100000,scan-materialize-sort-proxy,current-posix,8,149.245,83070344,3,1,0
tmpfs,100000,scan-materialize-sort-proxy,rust-batch,9,151.583,55201304,1,0,0
tmpfs,100000,scan-materialize-sort-proxy,current-posix,9,150.441,83070344,3,1,0
tmpfs,100000,scan-materialize-sort-proxy,optimized-csharp,9,134.415,55135744,1,0,0
tmpfs,100000,scan-materialize-sort-proxy,current-posix,10,149.821,83070344,3,1,0
tmpfs,100000,scan-materialize-sort-proxy,optimized-csharp,10,132.885,55135744,1,0,0
tmpfs,100000,scan-materialize-sort-proxy,rust-batch,10,130.945,55201304,1,0,0
tmpfs,100000,scan-materialize-sort-proxy,optimized-csharp,11,131.787,55135744,1,0,0
tmpfs,100000,scan-materialize-sort-proxy,rust-batch,11,128.066,55201304,1,0,0
tmpfs,100000,scan-materialize-sort-proxy,current-posix,11,149.203,83070344,3,1,0
tmpfs,100000,scan-materialize-sort-proxy,rust-batch,12,129.081,55201304,1,0,0
tmpfs,100000,scan-materialize-sort-proxy,current-posix,12,147.769,83070344,3,1,0
tmpfs,100000,scan-materialize-sort-proxy,optimized-csharp,12,133.553,55135744,1,0,0
tmpfs,100000,scan-materialize-sort-proxy,current-posix,median,148.923,83070344,3.0,1.0,0.0
tmpfs,100000,scan-materialize-sort-proxy,optimized-csharp,median,132.816,55135744,1.0,0.0,0.0
tmpfs,100000,scan-materialize-sort-proxy,rust-batch,median,128.274,55201304,1.0,0.0,0.0
tmpfs,100000,production-enumerator-controls,current-dotnet-service,1,144.229,34948208,1,0,0
tmpfs,100000,production-enumerator-controls,current-dotnet-service-with-mode,1,251.776,34948208,1,0,0
tmpfs,100000,production-enumerator-controls,current-dotnet-service-with-mode,2,258.238,34948208,1,0,0
tmpfs,100000,production-enumerator-controls,current-dotnet-service,2,148.998,34948208,1,0,0
tmpfs,100000,production-enumerator-controls,current-dotnet-service,3,151.956,34948208,1,0,0
tmpfs,100000,production-enumerator-controls,current-dotnet-service-with-mode,3,255.373,34948208,1,0,0
tmpfs,100000,production-enumerator-controls,current-dotnet-service-with-mode,4,263.528,34948208,1,0,0
tmpfs,100000,production-enumerator-controls,current-dotnet-service,4,180.256,34948208,1,0,0
tmpfs,100000,production-enumerator-controls,current-dotnet-service,5,154.269,34948208,1,0,0
tmpfs,100000,production-enumerator-controls,current-dotnet-service-with-mode,5,253.990,34948208,1,0,0
tmpfs,100000,production-enumerator-controls,current-dotnet-service-with-mode,6,261.521,34948208,1,0,0
tmpfs,100000,production-enumerator-controls,current-dotnet-service,6,151.249,34948208,1,0,0
tmpfs,100000,production-enumerator-controls,current-dotnet-service,7,151.821,34948208,1,0,0
tmpfs,100000,production-enumerator-controls,current-dotnet-service-with-mode,7,258.899,34948208,1,0,0
tmpfs,100000,production-enumerator-controls,current-dotnet-service-with-mode,8,256.543,34948208,1,0,0
tmpfs,100000,production-enumerator-controls,current-dotnet-service,8,150.982,34948208,1,0,0
tmpfs,100000,production-enumerator-controls,current-dotnet-service,9,176.510,34948208,1,0,0
tmpfs,100000,production-enumerator-controls,current-dotnet-service-with-mode,9,249.914,34948208,1,0,0
tmpfs,100000,production-enumerator-controls,current-dotnet-service-with-mode,10,258.963,34948208,1,0,0
tmpfs,100000,production-enumerator-controls,current-dotnet-service,10,163.623,34948208,1,0,0
tmpfs,100000,production-enumerator-controls,current-dotnet-service,11,159.232,34948208,1,0,0
tmpfs,100000,production-enumerator-controls,current-dotnet-service-with-mode,11,261.645,34948208,1,0,0
tmpfs,100000,production-enumerator-controls,current-dotnet-service-with-mode,12,269.987,34948208,1,0,0
tmpfs,100000,production-enumerator-controls,current-dotnet-service,12,158.303,34948208,1,0,0
tmpfs,100000,production-enumerator-controls,current-dotnet-service,median,153.113,34948208,1.0,0.0,0.0
tmpfs,100000,production-enumerator-controls,current-dotnet-service-with-mode,median,258.568,34948208,1.0,0.0,0.0
disk,10000,scan,current-posix,1,21.091,5982656,0,0,0
disk,10000,scan,optimized-csharp,1,18.129,3248056,0,0,0
disk,10000,scan,rust-batch,1,13.719,3313616,0,0,0
disk,10000,scan,optimized-csharp,2,14.534,3248056,0,0,0
disk,10000,scan,rust-batch,2,12.469,3313616,0,0,0
disk,10000,scan,current-posix,2,13.526,5982656,0,0,0
disk,10000,scan,rust-batch,3,12.605,3313616,0,0,0
disk,10000,scan,current-posix,3,13.552,5982656,0,0,0
disk,10000,scan,optimized-csharp,3,12.913,3248056,0,0,0
disk,10000,scan,current-posix,4,13.824,5982656,0,0,0
disk,10000,scan,optimized-csharp,4,12.777,3248056,0,0,0
disk,10000,scan,rust-batch,4,12.289,3313616,0,0,0
disk,10000,scan,optimized-csharp,5,11.992,3248056,0,0,0
disk,10000,scan,rust-batch,5,11.695,3313616,0,0,0
disk,10000,scan,current-posix,5,12.818,5982656,0,0,0
disk,10000,scan,rust-batch,6,12.069,3313616,0,0,0
disk,10000,scan,current-posix,6,13.335,5982656,0,0,0
disk,10000,scan,optimized-csharp,6,12.707,3248056,0,0,0
disk,10000,scan,current-posix,7,13.153,5982656,0,0,0
disk,10000,scan,optimized-csharp,7,12.497,3248056,0,0,0
disk,10000,scan,rust-batch,7,12.152,3313616,0,0,0
disk,10000,scan,optimized-csharp,8,12.367,3248056,0,0,0
disk,10000,scan,rust-batch,8,12.034,3313616,0,0,0
disk,10000,scan,current-posix,8,13.913,5982656,0,0,0
disk,10000,scan,rust-batch,9,11.988,3313616,0,0,0
disk,10000,scan,current-posix,9,12.937,5982656,0,0,0
disk,10000,scan,optimized-csharp,9,12.311,3248056,0,0,0
disk,10000,scan,current-posix,10,12.806,5982656,0,0,0
disk,10000,scan,optimized-csharp,10,12.125,3248056,0,0,0
disk,10000,scan,rust-batch,10,12.429,3313616,0,0,0
disk,10000,scan,optimized-csharp,11,13.008,3248056,0,0,0
disk,10000,scan,rust-batch,11,12.324,3313616,0,0,0
disk,10000,scan,current-posix,11,14.165,5982656,0,0,0
disk,10000,scan,rust-batch,12,12.352,3313616,0,0,0
disk,10000,scan,current-posix,12,12.949,5982656,0,0,0
disk,10000,scan,optimized-csharp,12,12.740,3248056,0,0,0
disk,10000,scan,current-posix,median,13.431,5982656,0.0,0.0,0.0
disk,10000,scan,optimized-csharp,median,12.723,3248056,0.0,0.0,0.0
disk,10000,scan,rust-batch,median,12.306,3313616,0.0,0.0,0.0
disk,10000,scan-materialize-sort-proxy,current-posix,1,15.122,10565112,0,0,0
disk,10000,scan-materialize-sort-proxy,optimized-csharp,1,14.232,7830512,0,0,0
disk,10000,scan-materialize-sort-proxy,rust-batch,1,13.958,7896072,0,0,0
disk,10000,scan-materialize-sort-proxy,optimized-csharp,2,14.075,7830512,0,0,0
disk,10000,scan-materialize-sort-proxy,rust-batch,2,13.844,7896072,0,0,0
disk,10000,scan-materialize-sort-proxy,current-posix,2,14.938,10565112,0,0,0
disk,10000,scan-materialize-sort-proxy,rust-batch,3,13.929,7896072,0,0,0
disk,10000,scan-materialize-sort-proxy,current-posix,3,15.275,10565112,0,0,0
disk,10000,scan-materialize-sort-proxy,optimized-csharp,3,14.219,7830512,0,0,0
disk,10000,scan-materialize-sort-proxy,current-posix,4,15.104,10565112,0,0,0
disk,10000,scan-materialize-sort-proxy,optimized-csharp,4,14.119,7830512,0,0,0
disk,10000,scan-materialize-sort-proxy,rust-batch,4,13.732,7896072,0,0,0
disk,10000,scan-materialize-sort-proxy,optimized-csharp,5,14.049,7830512,0,0,0
disk,10000,scan-materialize-sort-proxy,rust-batch,5,13.949,7896072,0,0,0
disk,10000,scan-materialize-sort-proxy,current-posix,5,15.256,10565112,0,0,0
disk,10000,scan-materialize-sort-proxy,rust-batch,6,14.032,7896072,0,0,0
disk,10000,scan-materialize-sort-proxy,current-posix,6,15.255,10565112,0,0,0
disk,10000,scan-materialize-sort-proxy,optimized-csharp,6,14.201,7830512,0,0,0
disk,10000,scan-materialize-sort-proxy,current-posix,7,15.750,10565112,0,0,0
disk,10000,scan-materialize-sort-proxy,optimized-csharp,7,14.460,7830512,0,0,0
disk,10000,scan-materialize-sort-proxy,rust-batch,7,14.101,7896072,0,0,0
disk,10000,scan-materialize-sort-proxy,optimized-csharp,8,14.232,7830512,0,0,0
disk,10000,scan-materialize-sort-proxy,rust-batch,8,14.219,7896072,0,0,0
disk,10000,scan-materialize-sort-proxy,current-posix,8,15.212,10565112,0,0,0
disk,10000,scan-materialize-sort-proxy,rust-batch,9,14.539,7896072,0,0,0
disk,10000,scan-materialize-sort-proxy,current-posix,9,15.325,10565112,0,0,0
disk,10000,scan-materialize-sort-proxy,optimized-csharp,9,14.270,7830512,0,0,0
disk,10000,scan-materialize-sort-proxy,current-posix,10,15.174,10565112,0,0,0
disk,10000,scan-materialize-sort-proxy,optimized-csharp,10,14.229,7830512,0,0,0
disk,10000,scan-materialize-sort-proxy,rust-batch,10,13.983,7896072,0,0,0
disk,10000,scan-materialize-sort-proxy,optimized-csharp,11,14.204,7830512,0,0,0
disk,10000,scan-materialize-sort-proxy,rust-batch,11,14.126,7896072,0,0,0
disk,10000,scan-materialize-sort-proxy,current-posix,11,16.863,10565112,0,0,0
disk,10000,scan-materialize-sort-proxy,rust-batch,12,14.186,7896072,0,0,0
disk,10000,scan-materialize-sort-proxy,current-posix,12,15.238,10565112,0,0,0
disk,10000,scan-materialize-sort-proxy,optimized-csharp,12,14.706,7830512,0,0,0
disk,10000,scan-materialize-sort-proxy,current-posix,median,15.246,10565112,0.0,0.0,0.0
disk,10000,scan-materialize-sort-proxy,optimized-csharp,median,14.224,7830512,0.0,0.0,0.0
disk,10000,scan-materialize-sort-proxy,rust-batch,median,14.008,7896072,0.0,0.0,0.0
disk,10000,production-enumerator-controls,current-dotnet-service,1,20.104,5229352,0,0,0
disk,10000,production-enumerator-controls,current-dotnet-service-with-mode,1,35.821,5229352,0,0,0
disk,10000,production-enumerator-controls,current-dotnet-service-with-mode,2,36.484,5229352,0,0,0
disk,10000,production-enumerator-controls,current-dotnet-service,2,20.053,5229352,0,0,0
disk,10000,production-enumerator-controls,current-dotnet-service,3,19.898,5229352,0,0,0
disk,10000,production-enumerator-controls,current-dotnet-service-with-mode,3,35.553,5229352,0,0,0
disk,10000,production-enumerator-controls,current-dotnet-service-with-mode,4,35.698,5229352,0,0,0
disk,10000,production-enumerator-controls,current-dotnet-service,4,19.943,5229352,0,0,0
disk,10000,production-enumerator-controls,current-dotnet-service,5,19.877,5229352,0,0,0
disk,10000,production-enumerator-controls,current-dotnet-service-with-mode,5,35.675,5229352,0,0,0
disk,10000,production-enumerator-controls,current-dotnet-service-with-mode,6,35.695,5229352,0,0,0
disk,10000,production-enumerator-controls,current-dotnet-service,6,19.887,5229352,0,0,0
disk,10000,production-enumerator-controls,current-dotnet-service,7,19.830,5229352,0,0,0
disk,10000,production-enumerator-controls,current-dotnet-service-with-mode,7,35.600,5229352,0,0,0
disk,10000,production-enumerator-controls,current-dotnet-service-with-mode,8,35.306,5229352,0,0,0
disk,10000,production-enumerator-controls,current-dotnet-service,8,19.699,5229352,0,0,0
disk,10000,production-enumerator-controls,current-dotnet-service,9,19.629,5229352,0,0,0
disk,10000,production-enumerator-controls,current-dotnet-service-with-mode,9,35.590,5229352,0,0,0
disk,10000,production-enumerator-controls,current-dotnet-service-with-mode,10,35.700,5229352,0,0,0
disk,10000,production-enumerator-controls,current-dotnet-service,10,20.268,5229352,0,0,0
disk,10000,production-enumerator-controls,current-dotnet-service,11,20.292,5229352,0,0,0
disk,10000,production-enumerator-controls,current-dotnet-service-with-mode,11,36.409,5229352,0,0,0
disk,10000,production-enumerator-controls,current-dotnet-service-with-mode,12,36.516,5229352,0,0,0
disk,10000,production-enumerator-controls,current-dotnet-service,12,20.534,5229352,0,0,0
disk,10000,production-enumerator-controls,current-dotnet-service,median,19.921,5229352,0.0,0.0,0.0
disk,10000,production-enumerator-controls,current-dotnet-service-with-mode,median,35.697,5229352,0.0,0.0,0.0
disk,100000,scan,current-posix,1,144.796,54572808,2,0,0
disk,100000,scan,optimized-csharp,1,127.108,26638208,0,0,0
disk,100000,scan,rust-batch,1,126.101,26703768,0,0,0
disk,100000,scan,optimized-csharp,2,127.867,26638208,0,0,0
disk,100000,scan,rust-batch,2,124.547,26703768,0,0,0
disk,100000,scan,current-posix,2,146.359,54572808,2,0,0
disk,100000,scan,rust-batch,3,123.922,26703768,0,0,0
disk,100000,scan,current-posix,3,148.310,54572808,2,0,0
disk,100000,scan,optimized-csharp,3,126.633,26638208,0,0,0
disk,100000,scan,current-posix,4,149.317,54572808,2,0,0
disk,100000,scan,optimized-csharp,4,127.062,26638208,0,0,0
disk,100000,scan,rust-batch,4,124.540,26703768,0,0,0
disk,100000,scan,optimized-csharp,5,129.415,26638208,0,0,0
disk,100000,scan,rust-batch,5,126.847,26703768,0,0,0
disk,100000,scan,current-posix,5,149.064,54572808,2,0,0
disk,100000,scan,rust-batch,6,124.963,26703768,0,0,0
disk,100000,scan,current-posix,6,148.607,54572808,2,0,0
disk,100000,scan,optimized-csharp,6,127.044,26638208,0,0,0
disk,100000,scan,current-posix,7,148.211,54572808,2,0,0
disk,100000,scan,optimized-csharp,7,126.798,26638208,0,0,0
disk,100000,scan,rust-batch,7,124.594,26703768,0,0,0
disk,100000,scan,optimized-csharp,8,127.333,26638208,0,0,0
disk,100000,scan,rust-batch,8,124.708,26703768,0,0,0
disk,100000,scan,current-posix,8,150.324,54572808,2,0,0
disk,100000,scan,rust-batch,9,124.658,26703768,0,0,0
disk,100000,scan,current-posix,9,149.548,54572808,2,0,0
disk,100000,scan,optimized-csharp,9,126.680,26638208,0,0,0
disk,100000,scan,current-posix,10,146.417,54572808,2,0,0
disk,100000,scan,optimized-csharp,10,127.541,26638208,0,0,0
disk,100000,scan,rust-batch,10,125.442,26703768,0,0,0
disk,100000,scan,optimized-csharp,11,126.812,26638208,0,0,0
disk,100000,scan,rust-batch,11,124.612,26703768,0,0,0
disk,100000,scan,current-posix,11,146.082,54572808,2,0,0
disk,100000,scan,rust-batch,12,124.817,26703768,0,0,0
disk,100000,scan,current-posix,12,146.439,54572808,2,0,0
disk,100000,scan,optimized-csharp,12,126.661,26638208,0,0,0
disk,100000,scan,current-posix,median,148.260,54572808,2.0,0.0,0.0
disk,100000,scan,optimized-csharp,median,127.053,26638208,0.0,0.0,0.0
disk,100000,scan,rust-batch,median,124.683,26703768,0.0,0.0,0.0
disk,100000,scan-materialize-sort-proxy,current-posix,1,172.165,99870344,4,2,0
disk,100000,scan-materialize-sort-proxy,optimized-csharp,1,153.741,71935744,2,1,0
disk,100000,scan-materialize-sort-proxy,rust-batch,1,151.978,72001304,2,1,0
disk,100000,scan-materialize-sort-proxy,optimized-csharp,2,153.748,71935744,2,1,0
disk,100000,scan-materialize-sort-proxy,rust-batch,2,153.457,72001304,2,1,0
disk,100000,scan-materialize-sort-proxy,current-posix,2,172.181,99870344,4,2,0
disk,100000,scan-materialize-sort-proxy,rust-batch,3,154.577,72001304,2,1,0
disk,100000,scan-materialize-sort-proxy,current-posix,3,174.210,99870344,4,2,0
disk,100000,scan-materialize-sort-proxy,optimized-csharp,3,153.754,71935744,2,1,0
disk,100000,scan-materialize-sort-proxy,current-posix,4,170.464,99870344,4,2,0
disk,100000,scan-materialize-sort-proxy,optimized-csharp,4,153.950,71935744,2,1,0
disk,100000,scan-materialize-sort-proxy,rust-batch,4,150.982,72001304,2,1,0
disk,100000,scan-materialize-sort-proxy,optimized-csharp,5,155.484,71935744,2,1,0
disk,100000,scan-materialize-sort-proxy,rust-batch,5,150.595,72001304,2,1,0
disk,100000,scan-materialize-sort-proxy,current-posix,5,172.649,99870344,4,2,0
disk,100000,scan-materialize-sort-proxy,rust-batch,6,149.978,72001304,2,1,0
disk,100000,scan-materialize-sort-proxy,current-posix,6,173.250,99870344,4,2,0
disk,100000,scan-materialize-sort-proxy,optimized-csharp,6,153.406,71935744,2,1,0
disk,100000,scan-materialize-sort-proxy,current-posix,7,174.726,99870344,4,2,0
disk,100000,scan-materialize-sort-proxy,optimized-csharp,7,154.851,71935744,2,1,0
disk,100000,scan-materialize-sort-proxy,rust-batch,7,153.846,72001304,2,1,0
disk,100000,scan-materialize-sort-proxy,optimized-csharp,8,154.937,71935744,2,1,0
disk,100000,scan-materialize-sort-proxy,rust-batch,8,153.095,72001304,2,1,0
disk,100000,scan-materialize-sort-proxy,current-posix,8,172.959,99870344,4,2,0
disk,100000,scan-materialize-sort-proxy,rust-batch,9,149.798,72001304,2,1,0
disk,100000,scan-materialize-sort-proxy,current-posix,9,170.784,99870344,4,2,0
disk,100000,scan-materialize-sort-proxy,optimized-csharp,9,159.950,71935744,2,1,0
disk,100000,scan-materialize-sort-proxy,current-posix,10,171.796,99870344,4,2,0
disk,100000,scan-materialize-sort-proxy,optimized-csharp,10,153.031,71935744,2,1,0
disk,100000,scan-materialize-sort-proxy,rust-batch,10,150.782,72001304,2,1,0
disk,100000,scan-materialize-sort-proxy,optimized-csharp,11,153.657,71935744,2,1,0
disk,100000,scan-materialize-sort-proxy,rust-batch,11,150.403,72001304,2,1,0
disk,100000,scan-materialize-sort-proxy,current-posix,11,205.230,99870344,4,2,0
disk,100000,scan-materialize-sort-proxy,rust-batch,12,153.768,72001304,2,1,0
disk,100000,scan-materialize-sort-proxy,current-posix,12,175.792,99870344,4,2,0
disk,100000,scan-materialize-sort-proxy,optimized-csharp,12,155.427,71935744,2,1,0
disk,100000,scan-materialize-sort-proxy,current-posix,median,172.804,99870344,4.0,2.0,0.0
disk,100000,scan-materialize-sort-proxy,optimized-csharp,median,153.852,71935744,2.0,1.0,0.0
disk,100000,scan-materialize-sort-proxy,rust-batch,median,151.480,72001304,2.0,1.0,0.0
disk,100000,production-enumerator-controls,current-dotnet-service,1,228.615,51748208,2,1,0
disk,100000,production-enumerator-controls,current-dotnet-service-with-mode,1,383.863,51748208,2,1,0
disk,100000,production-enumerator-controls,current-dotnet-service-with-mode,2,384.821,51748208,2,1,0
disk,100000,production-enumerator-controls,current-dotnet-service,2,259.874,51748208,2,1,0
disk,100000,production-enumerator-controls,current-dotnet-service,3,222.725,51748208,2,1,0
disk,100000,production-enumerator-controls,current-dotnet-service-with-mode,3,371.893,51748208,2,1,0
disk,100000,production-enumerator-controls,current-dotnet-service-with-mode,4,376.756,51748208,2,1,0
disk,100000,production-enumerator-controls,current-dotnet-service,4,217.798,51748208,2,1,0
disk,100000,production-enumerator-controls,current-dotnet-service,5,209.151,51748208,2,1,0
disk,100000,production-enumerator-controls,current-dotnet-service-with-mode,5,372.030,51748208,2,1,0
disk,100000,production-enumerator-controls,current-dotnet-service-with-mode,6,392.019,51748208,2,1,0
disk,100000,production-enumerator-controls,current-dotnet-service,6,217.727,51748208,2,1,0
disk,100000,production-enumerator-controls,current-dotnet-service,7,210.246,51748208,2,1,0
disk,100000,production-enumerator-controls,current-dotnet-service-with-mode,7,374.867,51748208,2,1,0
disk,100000,production-enumerator-controls,current-dotnet-service-with-mode,8,375.337,51748208,2,1,0
disk,100000,production-enumerator-controls,current-dotnet-service,8,218.904,51748208,2,1,0
disk,100000,production-enumerator-controls,current-dotnet-service,9,209.806,51748208,2,1,0
disk,100000,production-enumerator-controls,current-dotnet-service-with-mode,9,371.772,51748208,2,1,0
disk,100000,production-enumerator-controls,current-dotnet-service-with-mode,10,390.937,51748208,2,1,0
disk,100000,production-enumerator-controls,current-dotnet-service,10,216.069,51748208,2,1,0
disk,100000,production-enumerator-controls,current-dotnet-service,11,209.424,51748208,2,1,0
disk,100000,production-enumerator-controls,current-dotnet-service-with-mode,11,371.303,51748208,2,1,0
disk,100000,production-enumerator-controls,current-dotnet-service-with-mode,12,372.276,51748208,2,1,0
disk,100000,production-enumerator-controls,current-dotnet-service,12,216.313,51748208,2,1,0
disk,100000,production-enumerator-controls,current-dotnet-service,median,217.020,51748208,2.0,1.0,0.0
disk,100000,production-enumerator-controls,current-dotnet-service-with-mode,median,375.102,51748208,2.0,1.0,0.0
